type,content
H1,All products
H3,A Light in the ...
H3,Tipping the Velvet
H3,Soumission
H3,Sharp Objects
H3,Sapiens: A Brief History ...
H3,The Requiem Red
H3,The Dirty Little Secrets ...
H3,The Coming Woman: A ...
H3,The Boys in the ...
H3,The Black Maria
H3,Starving Hearts (Triangular Trade ...
H3,Shakespeare's Sonnets
H3,Set Me Free
H3,Scott Pilgrim's Precious Little ...
H3,Rip it Up and ...
H3,Our Band Could Be ...
H3,Olio
H3,Mesaerion: The Best Science ...
H3,Libertarianism for Beginners
H3,It's Only the Himalayas
P,£51.77
P,In stock
P,£53.74
P,In stock
P,£50.10
P,In stock
P,£47.82
P,In stock
P,£54.23
P,In stock
P,£22.65
P,In stock
P,£33.34
P,In stock
P,£17.93
P,In stock
P,£22.60
P,In stock
P,£52.15
P,In stock
P,£13.99
P,In stock
P,£20.66
P,In stock
P,£17.46
P,In stock
P,£52.29
P,In stock
P,£35.02
P,In stock
P,£57.25
P,In stock
P,£23.88
P,In stock
P,£37.59
P,In stock
P,£51.33
P,In stock
P,£45.17
P,In stock
LI,Home
LI,All products
LI,BooksTravelMysteryHistorical FictionSequential ArtClassicsPhilosophyRomanceWomens FictionFictionChildrensReligionNonfictionMusicDefaultScience FictionSports and GamesAdd a commentFantasyNew AdultYoung AdultSciencePoetryParanormalArtPsychologyAutobiographyParentingAdult FictionHumorHorrorHistoryFood and DrinkChristian FictionBusinessBiographyThrillerContemporarySpiritualityAcademicSelf HelpHistoricalChristianSuspenseShort StoriesNovelsHealthPoliticsCulturalEroticaCrime
LI,Travel
LI,Mystery
LI,Historical Fiction
LI,Sequential Art
LI,Classics
LI,Philosophy
LI,Romance
LI,Womens Fiction
LI,Fiction
LI,Childrens
LI,Religion
LI,Nonfiction
LI,Music
LI,Default
LI,Science Fiction
LI,Sports and Games
LI,Add a comment
LI,Fantasy
LI,New Adult
LI,Young Adult
LI,Science
LI,Poetry
LI,Paranormal
LI,Art
LI,Psychology
LI,Autobiography
LI,Parenting
LI,Adult Fiction
LI,Humor
LI,Horror
LI,History
LI,Food and Drink
LI,Christian Fiction
LI,Business
LI,Biography
LI,Thriller
LI,Contemporary
LI,Spirituality
LI,Academic
LI,Self Help
LI,Historical
LI,Christian
LI,Suspense
LI,Short Stories
LI,Novels
LI,Health
LI,Politics
LI,Cultural
LI,Erotica
LI,Crime
LI,A Light in the ...£51.77In stockAdd to basket
LI,Tipping the Velvet£53.74In stockAdd to basket
LI,Soumission£50.10In stockAdd to basket
LI,Sharp Objects£47.82In stockAdd to basket
LI,Sapiens: A Brief History ...£54.23In stockAdd to basket
LI,The Requiem Red£22.65In stockAdd to basket
LI,The Dirty Little Secrets ...£33.34In stockAdd to basket
LI,The Coming Woman: A ...£17.93In stockAdd to basket
LI,The Boys in the ...£22.60In stockAdd to basket
LI,The Black Maria£52.15In stockAdd to basket
LI,Starving Hearts (Triangular Trade ...£13.99In stockAdd to basket
LI,Shakespeare's Sonnets£20.66In stockAdd to basket
LI,Set Me Free£17.46In stockAdd to basket
LI,Scott Pilgrim's Precious Little ...£52.29In stockAdd to basket
LI,Rip it Up and ...£35.02In stockAdd to basket
LI,Our Band Could Be ...£57.25In stockAdd to basket
LI,Olio£23.88In stockAdd to basket
LI,Mesaerion: The Best Science ...£37.59In stockAdd to basket
LI,Libertarianism for Beginners£51.33In stockAdd to basket
LI,It's Only the Himalayas£45.17In stockAdd to basket
LI,Page 1 of 50
LI,next
IMAGE,https://books.toscrape.com/media/cache/2c/da/2cdad67c44b002e7ead0cc35693c0e8b.jpg
IMAGE,https://books.toscrape.com/media/cache/26/0c/260c6ae16bce31c8f8c95daddd9f4a1c.jpg
IMAGE,https://books.toscrape.com/media/cache/3e/ef/3eef99c9d9adef34639f510662022830.jpg
IMAGE,https://books.toscrape.com/media/cache/32/51/3251cf3a3412f53f339e42cac2134093.jpg
IMAGE,https://books.toscrape.com/media/cache/be/a5/bea5697f2534a2f86a3ef27b5a8c12a6.jpg
IMAGE,https://books.toscrape.com/media/cache/68/33/68339b4c9bc034267e1da611ab3b34f8.jpg
IMAGE,https://books.toscrape.com/media/cache/92/27/92274a95b7c251fea59a2b8a78275ab4.jpg
IMAGE,https://books.toscrape.com/media/cache/3d/54/3d54940e57e662c4dd1f3ff00c78cc64.jpg
IMAGE,https://books.toscrape.com/media/cache/66/88/66883b91f6804b2323c8369331cb7dd1.jpg
IMAGE,https://books.toscrape.com/media/cache/58/46/5846057e28022268153beff6d352b06c.jpg
IMAGE,https://books.toscrape.com/media/cache/be/f4/bef44da28c98f905a3ebec0b87be8530.jpg
IMAGE,https://books.toscrape.com/media/cache/10/48/1048f63d3b5061cd2f424d20b3f9b666.jpg
IMAGE,https://books.toscrape.com/media/cache/5b/88/5b88c52633f53cacf162c15f4f823153.jpg
IMAGE,https://books.toscrape.com/media/cache/94/b1/94b1b8b244bce9677c2f29ccc890d4d2.jpg
IMAGE,https://books.toscrape.com/media/cache/81/c4/81c4a973364e17d01f217e1188253d5e.jpg
IMAGE,https://books.toscrape.com/media/cache/54/60/54607fe8945897cdcced0044103b10b6.jpg
IMAGE,https://books.toscrape.com/media/cache/55/33/553310a7162dfbc2c6d19a84da0df9e1.jpg
IMAGE,https://books.toscrape.com/media/cache/09/a3/09a3aef48557576e1a85ba7efea8ecb7.jpg
IMAGE,https://books.toscrape.com/media/cache/0b/bc/0bbcd0a6f4bcd81ccb1049a52736406e.jpg
IMAGE,https://books.toscrape.com/media/cache/27/a5/27a53d0bb95bdd88288eaf66c9230d7e.jpg
